Year,Team,Totals,BL,TKL,TT,TA,DT,DA,STT,STA,MT,MA,PD,QH,TFL,FF
1999,lkc,Team Totals,1,1104,843,261,715,226,111,34,17,1,93,34,70,18
1999,lkc,Opponents Totals,4,1045,781,264,671,240,100,24,10,0,71,14,62,16
1999,har,Team Totals,2,943,727,216,623,207,90,9,14,0,73,38,60,10
1999,har,Opponents Totals,0,1027,807,220,716,205,79,15,12,0,93,23,64,12
1999,llarm,Team Totals,1,937,654,283,560,251,84,32,10,0,77,42,85,13
1999,llarm,Opponents Totals,1,1067,814,253,689,237,109,16,16,0,100,41,76,18
1999,min,Team Totals,0,1087,813,274,696,240,105,34,12,0,70,21,54,18
1999,min,Opponents Totals,0,1149,842,307,714,279,106,27,22,1,52,40,87,13
1999,larm,Team Totals,1,1150,826,324,718,301,92,23,16,0,54,44,94,17
1999,larm,Opponents Totals,1,1114,789,325,677,283,99,42,13,0,70,55,85,18
1999,bal,Team Totals,1,882,725,157,627,148,90,9,7,0,79,55,85,23
1999,bal,Opponents Totals,1,1011,851,160,752,150,83,10,16,0,66,34,85,11
1999,lten,Team Totals,2,963,750,213,629,195,108,18,13,0,83,51,83,27
1999,lten,Opponents Totals,0,952,755,197,655,183,87,14,13,0,67,25,49,11
1999,dul,Team Totals,2,989,820,169,704,159,102,10,14,0,102,46,96,14
1999,dul,Opponents Totals,2,931,788,143,676,134,102,9,10,0,105,48,80,19
1999,atl,Team Totals,0,943,752,191,644,171,94,20,14,0,85,33,81,16
1999,atl,Opponents Totals,2,1094,810,284,708,268,87,16,15,0,102,37,82,11
1999,ham,Team Totals,1,980,808,175,704,155,92,17,12,0,80,34,86,17
1999,ham,Opponents Totals,3,971,835,136,713,119,110,17,12,0,102,43,94,19
1999,jac,Team Totals,2,1134,943,191,835,182,95,9,13,0,66,26,66,13
1999,jac,Opponents Totals,1,799,683,116,571,106,102,10,10,0,71,56,91,17
1999,lind,Team Totals,1,1140,909,231,779,207,110,23,20,1,103,34,87,10
1999,lind,Opponents Totals,0,984,782,202,661,180,95,22,26,0,71,33,73,19
1999,was,Team Totals,1,963,816,147,685,136,118,11,13,0,94,39,80,19
1999,was,Opponents Totals,2,1092,887,205,755,188,113,17,19,0,64,22,71,15
1999,col,Team Totals,2,990,813,177,690,168,103,9,20,0,82,38,89,16
1999,col,Opponents Totals,2,1002,812,190,708,173,92,17,12,0,85,48,80,17
1999,tol,Team Totals,2,990,800,190,679,172,106,18,15,0,99,42,87,17
1999,tol,Opponents Totals,1,1115,880,235,759,215,102,17,19,3,68,49,87,18
1999,ltb,Team Totals,2,987,802,185,677,166,106,19,19,0,72,44,88,21
1999,ltb,Opponents Totals,1,1070,843,227,724,209,105,18,14,0,85,29,68,15
1999,lmin,Team Totals,0,993,796,197,685,178,98,19,13,0,96,40,79,18
1999,lmin,Opponents Totals,3,1000,814,186,701,168,99,18,14,0,76,24,61,24
1999,c-p,Team Totals,3,939,783,156,668,143,101,13,14,0,78,33,68,14
1999,c-p,Opponents Totals,0,996,829,167,724,145,90,21,15,1,64,20,81,16
1999,chit,Team Totals,3,1064,812,252,705,231,88,19,19,2,72,28,90,14
1999,chit,Opponents Totals,0,1151,872,279,749,257,109,22,14,0,75,37,92,19
1999,nyj,Team Totals,1,1223,898,325,776,295,101,28,22,2,58,26,59,23
1999,nyj,Opponents Totals,1,1011,777,234,661,212,104,20,12,2,93,43,87,22
1999,dal,Team Totals,0,1095,836,259,714,238,107,21,15,0,116,31,80,31
1999,dal,Opponents Totals,2,946,678,268,566,253,87,15,25,0,103,42,70,27
1999,latl,Team Totals,1,1055,779,276,648,255,111,21,20,0,106,37,77,18
1999,latl,Opponents Totals,2,1141,845,296,732,284,95,12,18,0,69,36,100,19
1999,lbuf,Team Totals,0,1071,846,225,744,207,88,18,14,0,58,36,88,21
1999,lbuf,Opponents Totals,3,1018,764,254,666,227,86,27,12,0,85,37,78,18
1999,stl,Team Totals,1,1041,794,247,685,229,96,18,13,0,88,44,95,25
1999,stl,Opponents Totals,0,994,744,250,624,229,99,21,21,0,85,65,96,16
1999,det,Team Totals,0,1103,801,302,683,278,96,22,22,2,76,29,62,19
1999,det,Opponents Totals,3,989,778,211,668,194,88,16,22,1,100,32,76,17
1999,lac,Team Totals,4,1037,846,191,741,176,87,14,18,1,68,32,79,21
1999,lac,Opponents Totals,0,1049,875,174,768,163,95,11,12,0,87,32,87,19
1999,ton,Team Totals,0,923,753,170,641,153,97,17,15,0,100,56,81,14
1999,ton,Opponents Totals,0,972,823,149,702,142,98,7,23,0,77,28,84,22
1999,nyb,Team Totals,1,1000,812,188,701,177,99,11,12,0,105,35,79,17
1999,nyb,Opponents Totals,0,966,752,214,643,191,93,22,16,1,108,51,81,20
1999,sea,Team Totals,3,976,772,204,684,198,76,6,12,0,72,41,83,9
1999,sea,Opponents Totals,1,922,742,180,632,167,98,13,12,0,71,48,85,16
1999,dec,Team Totals,1,910,743,167,656,156,69,11,18,0,85,32,86,8
1999,dec,Opponents Totals,3,988,775,213,669,198,97,14,9,1,102,29,70,20
1999,lne,Team Totals,0,1015,812,203,684,199,100,3,28,1,102,42,85,19
1999,lne,Opponents Totals,0,1074,860,214,730,208,110,6,20,0,125,43,102,16
2000,lkc,Team Totals,2,1016,719,297,607,270,93,27,19,0,96,25,83,22
2000,lkc,Opponents Totals,0,1043,727,316,622,295,80,21,25,0,67,18,80,8
2000,har,Team Totals,1,1130,854,276,738,253,98,22,18,1,64,31,70,10
2000,har,Opponents Totals,0,1067,830,237,721,215,93,22,16,0,86,12,58,15
2000,llarm,Team Totals,2,1132,849,283,723,264,101,19,25,0,87,22,76,16
2000,llarm,Opponents Totals,1,1122,831,291,707,270,105,20,19,1,107,8,77,14
2000,min,Team Totals,1,1093,782,311,658,295,112,16,12,0,63,21,69,17
2000,min,Opponents Totals,5,1105,878,227,752,216,105,11,21,0,64,33,91,16
2000,larm,Team Totals,2,1180,849,331,740,311,96,19,13,1,68,25,65,18
2000,larm,Opponents Totals,1,1191,832,359,711,326,106,32,15,1,72,47,92,12
2000,bal,Team Totals,1,908,729,179,615,165,99,14,15,0,89,42,98,26
2000,bal,Opponents Totals,0,1081,833,248,725,240,95,8,13,0,67,18,76,15
2000,lten,Team Totals,0,889,749,140,623,132,113,8,13,0,92,26,77,26
2000,lten,Opponents Totals,1,1127,875,252,766,246,85,6,24,0,92,22,71,21
2000,dul,Team Totals,1,1050,795,255,671,234,111,21,13,0,85,19,80,18
2000,dul,Opponents Totals,1,1069,809,260,689,233,95,27,25,0,79,28,85,14
2000,atl,Team Totals,1,908,763,145,633,130,108,15,22,0,74,32,77,17
2000,atl,Opponents Totals,1,1046,887,159,758,146,105,13,24,0,70,38,88,16
2000,ham,Team Totals,0,1037,855,182,753,170,81,12,21,0,78,17,65,16
2000,ham,Opponents Totals,2,979,823,156,698,133,111,23,14,0,81,39,112,26
2000,jac,Team Totals,1,1098,905,193,777,181,110,12,18,0,76,38,78,18
2000,jac,Opponents Totals,0 ,837,721,116,598,108,114,8,9,0,79,34,70,13
2000,lind,Team Totals,5,1063,847,216,726,194,106,22,15,0,92,22,98,20
2000,lind,Opponents Totals,1,1087,863,224,750,208,90,16,23,0,65,13,67,12
2000,was,Team Totals,1,866,735,131,612,115,108,16,15,0,94,26,84,23
2000,was,Opponents Totals,1,1126,916,210,792,199,100,11,24,0,69,13,62,19
2000,col,Team Totals,1,1052,886,166,762,152,109,12,15,2,59,31,111,9
2000,col,Opponents Totals,1,934,796,138,681,128,100,10,15,0,79,14,71,18
2000,tol,Team Totals,0,1094,871,223,754,207,95,16,22,0,71,10,52,17
2000,tol,Opponents Totals,1,999,798,201,678,172,102,29,18,0,66,30,81,20
2000,ltb,Team Totals,1,1024,878,146,746,141,104,5,28,0,80,18,95,9
2000,ltb,Opponents Totals,2,945,788,157,654,147,121,10,13,0,103,13,86,15
2000,lmin,Team Totals,1,977,779,198,669,177,93,21,17,0,92,42,85,7
2000,lmin,Opponents Totals,4,1112,860,252,744,234,95,15,21,3,61,16,94,18
2000,c-p,Team Totals,0,1049,834,215,703,195,113,20,18,0,102,26,96,17
2000,c-p,Opponents Totals,1,990,750,240,647,226,81,14,22,0,97,26,72,14
2000,chit,Team Totals,1,879,750,129,641,119,87,10,22,0,68,27,77,15
2000,chit,Opponents Totals,1,1029,860,169,744,154,95,15,21,0,73,24,72,14
2000,nyj,Team Totals,2,1011,841,170,736,161,80,9,25,0,65,12,75,15
2000,nyj,Opponents Totals,0,916,787,129,672,115,100,14,15,0,70,29,86,20
2000,dal,Team Totals,0,1196,892,304,794,279,75,24,23,1,49,17,79,13
2000,dal,Opponents Totals,0,906,747,159,626,134,111,25,10,0,86,19,73,20
2000,latl,Team Totals,0,1023,830,193,715,179,98,14,17,0,55,16,82,10
2000,latl,Opponents Totals,1,1017,752,265,650,244,89,21,13,0,73,19,59,14
2000,lbuf,Team Totals,6,1048,810,238,689,217,109,21,12,0,93,28,88,13
2000,lbuf,Opponents Totals,1,1009,761,248,645,241,90,7,26,0,48,17,89,11
2000,stl,Team Totals,0,1023,774,249,651,226,96,22,27,1,92,14,79,7
2000,stl,Opponents Totals,0,1079,789,290,677,266,93,24,19,0,77,13,61,18
2000,det,Team Totals,2,1078,749,329,612,317,114,12,23,0,96,16,61,24
2000,det,Opponents Totals,4,1064,814,250,679,242,104,8,31,0,88,33,81,15
2000,lac,Team Totals,3,1050,840,210,739,191,82,19,19,0,75,23,73,14
2000,lac,Opponents Totals,0,971,803,168,691,155,99,13,13,0,85,23,79,11
2000,ton,Team Totals,0,1030,799,231,687,225,100,6,12,0,73,35,84,17
2000,ton,Opponents Totals,1,1113,880,233,766,228,100,5,14,0,80,29,84,20
2000,nyb,Team Totals,0,968,808,160,685,146,100,13,23,1,73,39,82,11
2000,nyb,Opponents Totals,1,988,835,153,706,143,109,10,20,0,85,33,77,15
2000,sea,Team Totals,1,1018,845,173,734,158,88,15,23,0,69,18,66,22
2000,sea,Opponents Totals,3,964,785,179,689,171,72,7,24,1,103,42,84,18
2000,dec,Team Totals,0,1005,741,264,646,238,86,26,9,0,84,26,63,15
2000,dec,Opponents Totals,2,993,764,229,669,203,82,24,13,2,65,15,54,16
2000,lne,Team Totals,2,965,775,190,683,183,70,6,22,1,70,24,68,13
2000,lne,Opponents Totals,1,950,739,211,615,187,108,24,16,0,87,50,104,17
2001,lkc,Team Totals,3,1092,798,294,689,265,94,29,15,0,87,36,77,14
2001,lkc,Opponents Totals,1,1227,840,387,729,353,88,33,23,1,51,39,88,23
2001,har,Team Totals,1,1038,684,354,587,320,77,34,20,0,85,32,63,19
2001,har,Opponents Totals,1,1032,735,297,629,275,89,22,17,0,70,30,78,23
2001,llarm,Team Totals,2,1165,860,305,755,277,92,27,13,1,78,29,65,21
2001,llarm,Opponents Totals,1,1035,762,273,658,255,84,18,20,0,63,14,74,12
2001,min,Team Totals,2,1142,871,271,724,243,125,28,22,0,67,38,71,11
2001,min,Opponents Totals,2,1114,858,256,735,235,108,21,15,0,63,27,86,15
2001,larm,Team Totals,1,1065,793,272,682,264,91,8,20,0,63,36,79,17
2001,larm,Opponents Totals,2,1036,799,237,685,229,105,8,9,0,87,35,84,23
2001,bal,Team Totals,0,931,732,199,623,173,92,24,17,2,89,49,124,19
2001,bal,Opponents Totals,1,1219,866,353,757,327,85,27,19,2,76,32,89,18
2001,lten,Team Totals,0,1046,807,239,690,228,91,11,26,0,97,46,92,19
2001,lten,Opponents Totals,2,1118,876,242,763,227,99,15,14,0,102,40,94,20
2001,dul,Team Totals,1,1169,912,257,777,236,114,21,21,0,130,36,85,20
2001,dul,Opponents Totals,0,996,790,206,675,184,86,22,29,0,85,46,95,16
2001,atl,Team Totals,2,970,750,220,647,204,86,16,17,0,81,30,95,14
2001,atl,Opponents Totals,0,1094,807,287,700,256,91,31,16,0,83,45,99,12
2001,ham,Team Totals,1,1065,883,182,767,166,96,16,20,0,72,34,99,16
2001,ham,Opponents Totals,1,917,790,127,678,121,96,6,16,0,79,51,103,23
2001,jac,Team Totals,0,1036,773,263,663,235,78,27,32,1,72,41,98,15
2001,jac,Opponents Totals,1,1028,781,247,676,218,83,27,22,2,118,23,80,19
2001,lind,Team Totals,3,1049,812,237,692,209,103,28,17,0,80,45,81,10
2001,lind,Opponents Totals,2,1112,859,253,751,218,92,33,16,2,53,20,46,21
2001,was,Team Totals,1,1086,867,219,749,200,106,19,12,0,78,31,63,24
2001,was,Opponents Totals,1,1066,836,230,711,205,104,25,21,0,65,47,98,17
2001,col,Team Totals,1,947,802,145,671,122,108,23,23,0,87,35,92,15
2001,col,Opponents Totals,2,1039,838,201,726,185,95,14,17,2,76,39,75,14
2001,tol,Team Totals,2,995,835,160,727,152,90,5,18,3,57,25,80,18
2001,tol,Opponents Totals,1,993,840,153,716,144,104,9,20,0,93,36,74,10
2001,ltb,Team Totals,3,1012,845,167,734,153,93,14,18,0,74,35,81,16
2001,ltb,Opponents Totals,0,997,835,162,711,146,104,16,20,0,85,25,68,14
2001,lmin,Team Totals,2,1029,830,199,696,183,120,16,14,0,108,39,95,27
2001,lmin,Opponents Totals,1,967,734,233,633,207,86,26,15,0,108,38,74,13
2001,c-p,Team Totals,0,945,791,154,682,133,95,20,14,1,80,22,65,19
2001,c-p,Opponents Totals,0,999,787,212,664,196,102,16,21,0,70,38,77,12
2001,chit,Team Totals,1,1059,825,234,699,210,106,24,20,0,84,37,100,15
2001,chit,Opponents Totals,1,1067,849,218,730,205,101,13,18,0,77,21,98,23
2001,nyj,Team Totals,1,1140,870,270,756,253,100,17,14,0,73,21,55,11
2001,nyj,Opponents Totals,0,971,784,187,668,164,106,22,10,1,77,30,79,15
2001,dal,Team Totals,1,952,759,193,666,173,82,20,11,0,70,18,63,17
2001,dal,Opponents Totals,6,904,780,124,673,107,97,17,10,0,75,30,91,16
2001,latl,Team Totals,2,996,847,149,727,134,106,14,14,1,100,39,83,24
2001,latl,Opponents Totals,0,987,853,134,734,125,95,9,24,0,92,11,72,11
2001,lbuf,Team Totals,0,1105,821,284,705,256,102,28,14,0,99,45,81,21
2001,lbuf,Opponents Totals,2,1000,734,266,626,238,83,24,25,4,68,15,67,16
2001,stl,Team Totals,2,999,745,254,630,233,102,19,13,2,100,40,84,15
2001,stl,Opponents Totals,0,1076,822,254,704,242,88,12,30,0,94,48,103,12
2001,det,Team Totals,0,1045,804,241,694,222,85,18,25,1,70,33,85,15
2001,det,Opponents Totals,1,1010,786,224,668,194,110,30,8,0,75,38,79,23
2001,lac,Team Totals,2,1039,774,265,668,244,83,17,23,4,72,29,77,9
2001,lac,Opponents Totals,1,1011,777,234,662,215,106,17,9,2,111,20,92,18
2001,ton,Team Totals,0,995,810,185,679,175,100,10,31,0,81,42,95,16
2001,ton,Opponents Totals,0,1008,864,144,749,138,93,6,22,0,80,37,82,27
2001,nyb,Team Totals,2,997,820,177,705,160,103,17,12,0,82,28,73,20
2001,nyb,Opponents Totals,4,1070,873,197,764,185,85,10,24,2,67,24,45,9
2001,sea,Team Totals,0,1035,823,212,698,208,99,4,26,0,64,39,89,20
2001,sea,Opponents Totals,2,1090,871,219,726,207,121,11,24,1,109,47,90,19
2001,dec,Team Totals,1,956,784,172,687,159,79,11,18,2,72,40,79,15
2001,dec,Opponents Totals,1,1032,822,210,703,186,99,24,20,0,69,61,96,17
2001,lne,Team Totals,1,1084,869,215,754,196,94,18,21,1,81,27,78,15
2001,lne,Opponents Totals,1,971,753,218,619,199,107,19,27,0,112,30,71,21
2002,lkc,Team Totals,2,1092,852,240,733,218,105,22,14,0,78,27,57,11
2002,lkc,Opponents Totals,6,990,782,208,678,189,90,18,14,1,67,28,65,12
2002,har,Team Totals,4,1161,825,336,713,309,94,27,18,0,78,30,60,16
2002,har,Opponents Totals,1,1186,831,355,709,315,105,38,17,2,58,29,60,12
2002,llarm,Team Totals,0,1025,709,316,599,278,91,38,19,0,78,43,64,15
2002,llarm,Opponents Totals,1,1038,765,273,665,251,85,20,15,2,63,19,66,21
2002,min,Team Totals,0,1064,761,303,646,286,97,16,18,1,64,22,55,10
2002,min,Opponents Totals,2,1116,803,313,698,297,93,16,12,0,84,46,83,23
2002,larm,Team Totals,2,1035,764,271,632,242,106,29,26,0,97,44,78,13
2002,larm,Opponents Totals,4,1236,904,332,770,298,113,32,21,2,77,31,93,12
2002,bal,Team Totals,5,1068,846,222,724,206,100,16,22,0,76,19,73,20
2002,bal,Opponents Totals,1,1005,794,211,684,192,90,19,20,0,116,27,78,14
2002,lten,Team Totals,3,1131,902,229,780,213,102,16,20,0,105,30,84,13
2002,lten,Opponents Totals,3,976,758,218,639,211,96,7,23,0,91,38,57,22
2002,dul,Team Totals,1,1003,773,230,660,212,88,18,25,0,53,21,66,13
2002,dul,Opponents Totals,2,1029,811,218,701,189,98,29,12,0,105,27,60,19
2002,atl,Team Totals,2,968,752,216,647,192,89,24,16,0,85,41,75,15
2002,atl,Opponents Totals,1,1018,807,211,715,197,77,12,15,2,70,18,59,11
2002,ham,Team Totals,0,1047,813,234,700,206,91,28,22,0,74,21,69,24
2002,ham,Opponents Totals,2,1087,872,215,752,188,99,27,21,0,72,19,82,16
2002,jac,Team Totals,3,993,837,156,736,147,94,9,7,0,82,34,72,14
2002,jac,Opponents Totals,0,945,778,167,670,157,85,10,23,0,69,43,70,7
2002,lind,Team Totals,1,1091,848,243,719,222,110,19,19,2,110,33,82,11
2002,lind,Opponents Totals,4,1000,818,182,678,171,127,11,13,0,111,68,135,16
2002,was,Team Totals,1,998,809,189,700,174,94,15,15,0,97,41,80,11
2002,was,Opponents Totals,3,1125,869,256,764,241,82,15,23,0,63,25,60,17
2002,col,Team Totals,5,1010,816,194,700,170,92,24,24,0,64,31,70,14
2002,col,Opponents Totals,3,1065,888,177,775,160,97,17,16,0,77,38,64,11
2002,tol,Team Totals,3,1020,849,171,747,163,88,8,14,0,79,28,82,13
2002,tol,Opponents Totals,7,1038,867,171,743,159,105,12,19,0,68,18,64,12
2002,ltb,Team Totals,3,1084,904,180,781,166,112,14,11,0,73,28,71,14
2002,ltb,Opponents Totals,1,979,793,186,687,176,86,10,20,0,56,19,65,2
2002,lmin,Team Totals,0,1011,789,222,675,203,96,17,18,2,102,46,97,30
2002,lmin,Opponents Totals,0,1090,802,288,682,268,97,20,23,0,104,35,74,21
2002,c-p,Team Totals,3,1053,809,244,688,225,99,18,22,1,69,29,91,14
2002,c-p,Opponents Totals,1,1107,874,233,770,208,86,25,18,0,74,20,89,16
2002,chit,Team Totals,1,1010,777,233,662,199,89,30,26,4,86,35,97,19
2002,chit,Opponents Totals,3,1031,769,262,647,231,104,29,18,2,97,33,69,23
2002,nyj,Team Totals,2,1021,835,186,718,170,100,16,17,0,77,21,72,16
2002,nyj,Opponents Totals,1,916,758,158,647,145,97,11,14,2,76,38,101,26
2002,dal,Team Totals,1,1103,791,312,650,274,117,36,24,2,95,27,68,24
2002,dal,Opponents Totals,1,1199,868,331,729,291,104,40,35,0,89,18,64,15
2002,latl,Team Totals,2,1007,777,230,656,207,96,21,25,2,54,25,78,5
2002,latl,Opponents Totals,5,1150,866,284,734,268,112,16,20,0,71,33,69,28
2002,lbuf,Team Totals,3,1129,907,222,781,199,106,20,20,3,65,29,74,22
2002,lbuf,Opponents Totals,1,978,790,188,657,162,110,26,23,0,98,37,61,16
2002,stl,Team Totals,4,1149,866,283,733,267,117,16,16,0,96,19,60,19
2002,stl,Opponents Totals,0,876,686,190,556,174,117,14,13,2,129,16,55,7
2002,det,Team Totals,1,998,772,226,647,210,111,16,14,0,102,32,75,18
2002,det,Opponents Totals,2,1121,826,295,711,273,85,21,30,1,72,33,81,21
2002,lac,Team Totals,3,979,805,174,695,159,93,13,17,2,80,32,77,20
2002,lac,Opponents Totals,3,1023,853,170,743,155,91,17,28,0,59,24,82,19
2002,ton,Team Totals,5,1098,872,226,731,214,119,12,22,0,107,33,85,22
2002,ton,Opponents Totals,0,1008,810,198,667,190,119,6,24,2,91,27,78,16
2002,nyb,Team Totals,3,1037,829,208,696,188,104,20,29,0,107,41,95,23
2002,nyb,Opponents Totals,3,1001,778,223,648,203,108,20,22,0,79,40,95,18
2002,sea,Team Totals,1,1019,823,196,709,180,102,15,12,1,90,30,72,15
2002,sea,Opponents Totals,2,1128,906,222,790,206,97,14,19,2,63,19,66,11
2002,dec,Team Totals,0,987,832,155,714,146,86,8,32,1,71,31,70,25
2002,dec,Opponents Totals,0,1000,870,130,745,115,103,15,22,0,99,36,101,22
2002,lne,Team Totals,0,1159,898,261,787,238,90,22,21,1,89,19,72,17
2002,lne,Opponents Totals,0,1133,879,254,762,230,97,23,20,1,87,27,76,19
2002,lari,Team Totals,0,1117,836,281,723,263,89,18,24,0,67,21,61,7
2002,lari,Opponents Totals,1,1061,794,267,666,236,112,30,16,1,116,34,55,16
2003,lkc,Team Totals,2,1164,822,342,701,296,106,46,15,0,121,,63,19
2003,lkc,Opponents Totals,3,1252,864,388,731,348,106,38,27,2,74,,72,15
2003,har,Team Totals,0,1083,731,352,643,320,65,32,23,0,79,,79,18
2003,har,Opponents Totals,2,1045,724,321,625,296,79,23,20,2,75,,60,19
2003,llarm,Team Totals,1,1136,805,331,682,311,98,19,25,1,72,,76,15
2003,llarm,Opponents Totals,0,1082,791,291,681,276,99,15,11,0,71,,88,23
2003,min,Team Totals,0,1232,881,351,782,323,87,26,12,2,66,,61,11
2003,min,Opponents Totals,2,1056,776,280,680,252,81,28,15,0,76,,71,10
2003,larm,Team Totals,2,1059,855,204,725,193,105,9,25,2,104,,95,23
2003,larm,Opponents Totals,0,1100,841,259,710,250,106,9,25,0,89,,81,22
2003,bal,Team Totals,1,1033,776,257,653,229,107,28,16,0,74,,61,16
2003,bal,Opponents Totals,0,1095,806,289,697,259,88,30,21,0,74,,58,13
2003,lten,Team Totals,1,1048,804,244,683,210,99,34,22,0,76,,84,11
2003,lten,Opponents Totals,1,1116,817,299,691,273,107,25,19,1,94,,86,46
2003,dul,Team Totals,1,1113,825,288,711,260,89,28,25,0,70,,71,16
2003,dul,Opponents Totals,1,1051,821,230,702,211,102,19,17,0,87,,86,20
2003,atl,Team Totals,1,1092,814,278,677,242,120,36,17,0,70,,69,24
2003,atl,Opponents Totals,1,1173,882,291,769,272,91,19,22,0,71,,62,106
2003,ham,Team Totals,0,1023,750,273,651,234,91,37,8,2,82,,68,14
2003,ham,Opponents Totals,0,1138,844,294,728,259,97,33,19,2,67,,72,16
2003,jac,Team Totals,0,1013,791,222,675,211,96,11,20,0,78,,87,16
2003,jac,Opponents Totals,4,1056,839,217,722,198,98,19,19,0,67,,55,21
2003,lind,Team Totals,3,1154,865,289,753,268,91,21,21,0,108,,48,11
2003,lind,Opponents Totals,0,1049,742,307,615,283,114,24,13,0,90,,84,14
2003,was,Team Totals,2,1027,878,149,750,142,118,7,10,0,80,,65,15
2003,was,Opponents Totals,2,954,828,126,714,118,88,8,26,0,63,,78,10
2003,col,Team Totals,1,918,736,182,605,154,112,28,19,0,95,,64,18
2003,col,Opponents Totals,2,1076,852,224,747,201,92,23,13,0,73,,58,17
2003,tol,Team Totals,2,1133,896,237,777,218,100,19,19,0,56,,82,12
2003,tol,Opponents Totals,1,1045,827,218,703,193,105,25,19,0,82,,59,16
2003,ltb,Team Totals,0,1089,890,199,772,190,98,9,20,0,68,,69,14
2003,ltb,Opponents Totals,2,965,812,153,670,129,127,24,15,0,79,,66,12
2003,lmin,Team Totals,2,1017,833,184,715,170,103,14,15,0,98,,62,17
2003,lmin,Opponents Totals,1,902,710,192,610,168,78,24,22,0,98,,63,17
2003,c-p,Team Totals,3,919,712,207,596,187,96,19,20,1,94,,69,19
2003,c-p,Opponents Totals,1,1171,978,193,735,179,109,12,134,2,72,,83,17
2003,chit,Team Totals,0,987,822,165,712,146,89,17,21,2,72,,59,16
2003,chit,Opponents Totals,2,913,759,154,658,138,78,16,23,0,103,,65,14
2003,nyj,Team Totals,4,1154,890,264,770,238,90,26,30,0,71,,87,21
2003,nyj,Opponents Totals,2,1095,852,243,728,207,109,36,15,0,106,,72,26
2003,dal,Team Totals,2,1047,846,201,712,171,110,28,24,2,92,,74,18
2003,dal,Opponents Totals,0,1136,859,277,735,259,98,18,26,0,58,,56,10
2003,latl,Team Totals,1,940,773,167,655,150,101,17,17,0,90,,75,19
2003,latl,Opponents Totals,1,1109,898,211,770,194,103,15,25,2,54,,68,20
2003,lbuf,Team Totals,1,1055,863,192,733,175,105,16,25,1,77,,56,13
2003,lbuf,Opponents Totals,4,1006,824,182,699,164,111,18,14,0,78,,71,14
2003,stl,Team Totals,2,1020,817,203,689,195,109,8,19,0,66,,65,17
2003,stl,Opponents Totals,1,924,764,160,635,153,110,6,19,1,121,,61,8
2003,det,Team Totals,5,1011,825,186,699,174,104,12,22,0,81,,75,14
2003,det,Opponents Totals,3,1048,858,190,741,179,100,11,17,0,80,,62,21
2003,lac,Team Totals,4,1014,830,184,706,178,101,4,23,2,102,,60,20
2003,lac,Opponents Totals,2,1050,862,188,729,177,112,8,21,3,82,,51,20
2003,ton,Team Totals,3,1049,817,232,698,219,93,13,26,0,75,,60,23
2003,ton,Opponents Totals,6,1067,861,206,749,182,86,24,26,0,98,,57,21
2003,nyb,Team Totals,3,1039,890,149,776,132,94,17,20,0,56,,80,23
2003,nyb,Opponents Totals,2,933,772,161,631,146,117,15,24,0,95,,65,18
2003,sea,Team Totals,4,990,843,147,700,138,113,8,30,1,85,,71,25
2003,sea,Opponents Totals,0,1060,923,137,779,130,106,7,38,0,88,,100,23
2003,dec,Team Totals,1,1115,896,219,766,210,109,9,21,0,89,,65,12
2003,dec,Opponents Totals,3,1068,848,220,735,194,88,25,25,1,76,,89,15
2003,lne,Team Totals,1,994,802,192,683,174,100,18,19,0,90,,67,15
2003,lne,Opponents Totals,4,1072,886,186,755,172,104,13,27,1,82,,64,14
2003,lari,Team Totals,1,1000,840,160,728,146,86,13,26,1,70,,80,14
2003,lari,Opponents Totals,1,981,818,163,704,144,96,19,18,0,84,,84,22
2004,lkc,Team Totals,0,1119,828,291,694,257,113,34,21,0,73,,64,23
2004,lkc,Opponents Totals,0,1184,839,345,727,312,86,31,26,2,58,,65,15
2004,har,Team Totals,0,1083,796,287,686,258,99,27,11,2,81,,81,18
2004,har,Opponents Totals,1,1169,859,310,759,282,81,24,19,4,51,,71,9
2004,llarm,Team Totals,1,1135,753,382,643,337,91,45,19,0,84,,84,21
2004,llarm,Opponents Totals,0,1120,797,323,674,300,99,21,24,2,76,,87,15
2004,min,Team Totals,0,1145,723,422,623,381,82,35,18,6,85,,77,18
2004,min,Opponents Totals,0,1031,717,314,598,267,102,47,17,0,117,,75,27
2004,larm,Team Totals,0,946,689,257,581,220,93,37,15,0,86,,74,20
2004,larm,Opponents Totals,0,1237,845,392,729,358,97,31,19,3,60,,77,15
2004,bal,Team Totals,0,1085,820,265,711,252,96,13,13,0,81,,79,17
2004,bal,Opponents Totals,1,1132,861,271,727,249,113,20,21,2,83,,60,18
2004,lten,Team Totals,0,1152,838,314,700,271,115,41,23,2,87,,69,24
2004,lten,Opponents Totals,1,1034,776,258,664,212,90,44,22,2,91,,60,14
2004,dul,Team Totals,1,1128,840,288,729,251,95,35,16,2,69,,58,12
2004,dul,Opponents Totals,0,1010,757,253,647,226,95,27,15,0,75,,86,20
2004,atl,Team Totals,2,1175,918,257,789,225,114,31,15,1,69,,79,27
2004,atl,Opponents Totals,1,1004,807,197,697,177,88,20,22,0,61,,53,14
2004,ham,Team Totals,1,998,788,210,691,200,83,10,14,0,69,,69,14
2004,ham,Opponents Totals,0,1055,824,231,706,214,94,17,24,0,60,,67,16
2004,jac,Team Totals,1,1048,803,245,697,236,89,9,17,0,103,,60,11
2004,jac,Opponents Totals,2,1112,854,258,724,241,105,17,25,0,81,,84,13
2004,lind,Team Totals,1,1063,798,265,684,234,90,31,24,0,75,,61,11
2004,lind,Opponents Totals,4,1197,881,316,743,279,114,36,24,1,93,,74,22
2004,was,Team Totals,0,1063,815,248,696,231,105,17,14,0,103,,57,12
2004,was,Opponents Totals,1,1065,860,205,744,190,90,15,26,0,57,,61,17
2004,col,Team Totals,1,963,728,235,618,201,87,34,23,0,93,,78,17
2004,col,Opponents Totals,2,1115,817,298,717,266,84,32,16,0,96,,53,11
2004,tol,Team Totals,0,924,784,140,666,124,101,16,17,0,64,,80,14
2004,tol,Opponents Totals,1,1091,909,182,810,175,87,7,12,0,75,,63,17
2004,ltb,Team Totals,4,1142,901,241,785,226,93,14,23,1,74,,57,10
2004,ltb,Opponents Totals,1,943,743,200,626,178,103,22,14,0,92,,59,16
2004,lmin,Team Totals,1,1010,847,163,736,136,94,27,17,0,107,,86,19
2004,lmin,Opponents Totals,1,909,728,181,622,153,89,28,17,0,94,,69,14
2004,c-p,Team Totals,0,1117,852,265,740,236,97,29,15,0,77,,72,18
2004,c-p,Opponents Totals,4,1063,820,243,697,214,99,29,24,0,95,,81,23
2004,chit,Team Totals,1,970,767,203,645,175,93,28,29,0,72,,50,15
2004,chit,Opponents Totals,0,1004,796,208,678,180,106,28,12,0,85,,76,18
2004,nyj,Team Totals,3,981,792,189,666,172,107,17,19,0,74,,81,13
2004,nyj,Opponents Totals,1,984,826,158,715,136,93,20,18,2,89,,84,14
2004,dal,Team Totals,1,1030,807,223,673,196,110,26,24,1,68,,75,13
2004,dal,Opponents Totals,0,1122,843,279,731,263,104,16,8,0,86,,50,15
2004,latl,Team Totals,0,1084,815,269,701,254,99,15,15,0,70,,67,17
2004,latl,Opponents Totals,0,1041,811,230,702,201,90,29,19,0,66,,60,12
2004,lbuf,Team Totals,3,1103,836,267,725,251,97,16,14,0,80,,70,17
2004,lbuf,Opponents Totals,1,984,739,245,621,236,101,9,17,0,80,,66,10
2004,stl,Team Totals,1,1098,868,230,734,211,108,19,26,0,86,,88,20
2004,stl,Opponents Totals,1,1022,829,193,690,178,118,15,21,0,77,,103,23
2004,det,Team Totals,2,975,829,146,723,136,84,10,22,0,80,,77,19
2004,det,Opponents Totals,0,964,797,167,694,162,89,4,14,1,66,,57,20
2004,lac,Team Totals,2,1120,902,218,766,211,118,6,18,1,68,,59,25
2004,lac,Opponents Totals,1,1023,826,197,684,186,118,11,24,0,89,,75,15
2004,ton,Team Totals,2,1028,831,197,713,180,103,16,15,1,97,,69,19
2004,ton,Opponents Totals,3,996,784,212,673,195,86,16,25,1,85,,67,18
2004,nyb,Team Totals,1,1033,838,195,726,185,86,10,26,0,85,,68,16
2004,nyb,Opponents Totals,2,417,183,234,705,219,89,14,19,1,66,,64,20
2004,sea,Team Totals,0,1179,898,281,767,248,108,32,23,1,89,,60,19
2004,sea,Opponents Totals,2,1101,869,232,738,198,105,34,26,0,83,,71,15
2004,dec,Team Totals,0,1020,847,173,728,158,96,15,23,0,66,,72,13
2004,dec,Opponents Totals,0,992,846,146,733,130,104,16,9,0,87,,93,23
2004,lne,Team Totals,2,984,788,196,677,176,93,19,18,1,94,,72,20
2004,lne,Opponents Totals,1,1099,868,231,741,209,108,22,19,0,102,,69,27
2004,lari,Team Totals,1,1070,848,222,719,197,101,23,28,2,79,,76,18
2004,lari,Opponents Totals,0,1121,846,275,716,240,113,35,17,0,112,,89,24
2005,lkc,Team Totals,0,1085,784,301,666,271,99,30,19,0,68,,63,8
2005,lkc,Opponents Totals,2,1167,834,333,716,297,105,36,13,0,68,,67,15
2005,har,Team Totals,0,1148,802,346,693,313,87,33,22,0,84,,81,22
2005,har,Opponents Totals,0,1024,750,274,629,244,100,30,21,0,106,,63,16
2005,llarm,Team Totals,0,1189,830,359,723,317,91,42,16,0,77,,71,16
2005,llarm,Opponents Totals,0,1048,751,297,643,270,92,27,16,0,90,,76,16
2005,min,Team Totals,0,1234,891,343,772,312,100,31,19,0,64,,58,16
2005,min,Opponents Totals,1,994,760,234,646,206,94,27,20,1,62,,78,17
2005,larm,Team Totals,0,1034,753,281,634,243,101,38,18,0,76,,68,19
2005,larm,Opponents Totals,1,1102,819,283,690,259,89,24,40,0,73,,59,17
2005,bal,Team Totals,1,1102,811,291,684,256,110,35,17,0,84,,80,21
2005,bal,Opponents Totals,2,1164,800,364,685,329,93,35,22,0,59,,79,13
2005,lten,Team Totals,0,1030,827,203,685,187,116,15,26,1,70,,61,20
2005,lten,Opponents Totals,1,1173,873,300,757,279,96,21,20,0,86,,87,20
2005,dul,Team Totals,2,1197,854,343,742,317,88,25,24,1,71,,63,12
2005,dul,Opponents Totals,1,1085,787,298,670,259,99,39,18,0,73,,71,20
2005,atl,Team Totals,0,1148,864,284,737,239,114,45,13,0,72,,66,27
2005,atl,Opponents Totals,1,1063,802,261,716,236,75,23,11,2,60,,56,10
2005,ham,Team Totals,2,981,795,166,698,174,84,12,13,0,80,,80,17
2005,ham,Opponents Totals,1,1083,870,213,741,192,106,21,23,0,67,,77,22
2005,jac,Team Totals,3,1075,779,296,684,265,78,31,17,0,62,,79,13
2005,jac,Opponents Totals,0,1133,820,313,702,282,107,31,11,0,92,,63,20
2005,lind,Team Totals,1,1137,837,300,740,266,82,34,15,0,72,,75,20
2005,lind,Opponents Totals,1,1071,828,243,713,217,102,26,13,0,65,,80,21
2005,was,Team Totals,1,896,740,156,634,142,97,14,9,0,108,,61,22
2005,was,Opponents Totals,2,1047,803,244,709,223,71,21,23,0,70,,46,13
2005,col,Team Totals,2,932,780,152,664,135,100,17,16,0,90,,61,20
2005,col,Opponents Totals,1 ,1107,894,213,770,199,105,14,19,0,67,,63,18
2005,tol,Team Totals,0,1069,832,237,702,215,110,22,20,0,94,,65,16
2005,tol,Opponents Totals,1,1096,886,210,763,185,108,25,15,0,80,,58,18
2005,ltb,Team Totals,3,1062,884,178,778,167,92,11,14,0,68,,61,15
2005,ltb,Opponents Totals,1,1365,796,569,669,153,114,416,13,0,99,,65,18
2005,lmin,Team Totals,3,1094,864,230,731,209,117,21,16,0,88,,87,19
2005,lmin,Opponents Totals,1,1102,840,262,702,232,110,30,28,0,101,,64,12
2005,c-p,Team Totals,2,934,784,150,650,139,113,11,21,0,88,,65,20
2005,c-p,Opponents Totals,2,1009,838,171,728,160,88,11,22,0,70,,66,21
2005,chit,Team Totals,0,922,729,193,617,170,91,23,21,0,84,,58,17
2005,chit,Opponents Totals,2,1081,874,207,752,185,104,22,18,0,64,,93,23
2005,nyj,Team Totals,1,1033,872,161,739,128,111,33,22,0,129,,76,22
2005,nyj,Opponents Totals,2,919,801,118,666,103,116,15,19,0,144,,75,21
2005,dal,Team Totals,2,1068,870,198,747,185,99,13,24,0,95,,90,21
2005,dal,Opponents Totals,1,981,804,177,677,163,102,14,25,0,69,,69,16
2005,latl,Team Totals,1,1060,829,231,699,210,110,21,20,0,86,,62,12
2005,latl,Opponents Totals,3,992,782,210,656,198,105,12,21,0,72,,97,17
2005,lbuf,Team Totals,2,1064,810,254,684,236,102,18,24,0,70,,70,20
2005,lbuf,Opponents Totals,2,1020,751,269,622,246,104,22,25,1,84,,61,14
2005,stl,Team Totals,3,1113,823,290,683,258,107,32,33,0,70,,71,14
2005,stl,Opponents Totals,1,1087,842,245,712,221,115,24,15,0,104,,69,20
2005,det,Team Totals,1,1041,805,236,681,213,106,20,18,3,81,,69,17
2005,det,Opponents Totals,1,1093,852,241,725,216,105,25,22,0,78,,76,12
2005,lac,Team Totals,2,1002,801,201,674,184,110,17,17,0,95,,71,19
2005,lac,Opponents Totals,2,1036,788,248,669,229,89,19,30,0,80,,49,19
2005,ton,Team Totals,1,1008,812,196,705,182,89,14,18,0,71,,61,14
2005,ton,Opponents Totals,1,1034,829,205,714,185,95,20,20,0,74,,54,18
2005,nyb,Team Totals,1,1053,819,234,699,211,95,23,25,0,66,,73,9
2005,nyb,Opponents Totals,2,1066,841,225,708,209,121,16,12,0,88,,61,15
2005,sea,Team Totals,2,1134,893,241,754,209,124,32,15,0,97,,84,17
2005,sea,Opponents Totals,2,1082,876,206,761,180,94,25,21,1,62,,82,14
2005,dec,Team Totals,2,1049,875,174,736,159,108,15,31,0,66,,91,18
2005,dec,Opponents Totals,0,1039,879,160,759,137,100,23,20,0,86,,103,18
2005,lne,Team Totals,1,967,788,179,665,160,94,18,29,1,69,,82,18
2005,lne,Opponents Totals,1,1155,901,254,758,220,121,34,22,0,113,,77,22
2005,lari,Team Totals,1,1107,868,239,735,215,104,24,29,0,93,,70,13
2005,lari,Opponents Totals,1,926,719,207,607,173,100,32,12,2,82,,89,18
2006,lkc,Team Totals,2,1087,753,334,645,298,89,36,19,0,71,99,61,14
2006,lkc,Opponents Totals,3,1226,847,379,737,335,82,43,28,1,48,61,55,25
2006,har,Team Totals,1,1203,843,360,729,326,94,31,20,3,60,54,50,13
2006,har,Opponents Totals,1,1192,851,341,750,311,83,28,18,2,75,56,80,13
2006,llarm,Team Totals,1,1207,832,375,725,354,90,21,17,0,86,64,66,16
2006,llarm,Opponents Totals,0,1058,752,306,643,290,99,15,10,1,70,74,84,16
2006,min,Team Totals,1,1099,734,365,638,334,80,28,16,3,85,61,64,27
2006,min,Opponents Totals,3,1058,741,317,642,290,84,27,15,0,68,79,61,12
2006,larm,Team Totals,1,967,761,206,635,190,108,16,18,0,110,115,93,13
2006,larm,Opponents Totals,0,1147,833,314,723,297,82,16,28,1,75,65,61,12
2006,bal,Team Totals,2,1132,778,354,675,309,87,44,16,1,99,80,58,14
2006,bal,Opponents Totals,1,1067,733,334,639,290,74,42,20,2,72,74,62,20
2006,lten,Team Totals,1,1074,784,290,665,257,95,31,24,2,83,60,67,13
2006,lten,Opponents Totals,2,1100,820,280,717,257,84,23,19,0,87,69,79,21
2006,dul,Team Totals,3,1100,841,259,728,241,86,17,27,1,82,79,64,8
2006,dul,Opponents Totals,1,1078,808,270,686,246,101,22,21,2,80,102,65,20
2006,atl,Team Totals,0,1181,867,314,752,259,103,35,12,0,61,52,54,20
2006,atl,Opponents Totals,2,1095,826,269,726,248,78,20,22,1,60,43,53,11
2006,ham,Team Totals,3,1197,865,332,764,295,84,34,17,3,79,59,62,10
2006,ham,Opponents Totals,1,1102,778,324,655,285,108,39,15,0,98,57,68,20
2006,jac,Team Totals,2,900,743,157,647,146,81,11,15,0,86,63,75,8
2006,jac,Opponents Totals,2,999,796,203,686,188,88,15,22,0,83,79,52,10
2006,lind,Team Totals,1,1050,838,212,737,198,85,14,16,0,66,55,68,13
2006,lind,Opponents Totals,1,1091,849,242,743,217,90,25,16,0,84,58,61,19
2006,was,Team Totals,0,1101,806,295,685,270,111,25,10,0,103,78,76,17
2006,was,Opponents Totals,0,1047,841,206,719,189,101,17,21,0,65,60,62,10
2006,col,Team Totals,2,995,840,155,725,142,99,11,16,2,64,56,73,23
2006,col,Opponents Totals,1,1027,863,164,749,149,91,15,23,0,80,59,78,16
2006,tol,Team Totals,1,1084,846,238,734,216,89,22,23,0,77,65,67,22
2006,tol,Opponents Totals,0,1032,777,255,676,240,83,13,18,2,81,62,62,19
2006,ltb,Team Totals,0,1034,851,183,738,178,77,5,36,0,66,50,84,9
2006,ltb,Opponents Totals,1,985,816,169,693,154,106,14,17,1,95,93,107,17
2006,lmin,Team Totals,0,1120,843,277,733,238,98,39,12,0,124,75,73,19
2006,lmin,Opponents Totals,0,963,755,208,649,181,87,25,19,2,96,60,53,16
2006,c-p,Team Totals,0,967,746,221,630,195,100,24,16,2,96,55,49,21
2006,c-p,Opponents Totals,1,1017,791,226,683,196,94,28,14,2,79,60,61,12
2006,chit,Team Totals,0,1090,868,222,750,202,96,20,22,0,97,63,69,17
2006,chit,Opponents Totals,0,1063,824,239,709,208,99,31,16,0,80,48,63,17
2006,nyj,Team Totals,3,1076,835,241,713,209,111,32,11,0,82,43,48,12
2006,nyj,Opponents Totals,1,1055,824,231,707,208,110,23,7,0,79,64,64,12
2006,dal,Team Totals,1,1098,868,230,721,209,123,21,24,0,85,77,86,27
2006,dal,Opponents Totals,1,1083,871,212,734,202,108,9,29,1,80,62,69,15
2006,latl,Team Totals,0,1070,785,285,655,261,108,24,22,0,97,97,60,16
2006,latl,Opponents Totals,2,1129,844,285,705,251,114,34,25,0,118,63,54,18
2006,lbuf,Team Totals,1,943,739,204,618,184,100,20,21,0,72,59,76,14
2006,lbuf,Opponents Totals,2,1118,807,311,690,285,95,26,22,0,73,88,63,21
2006,stl,Team Totals,4,1114,834,280,708,267,95,12,31,1,57,54,62,18
2006,stl,Opponents Totals,0,966,764,202,633,188,109,12,22,2,92,83,92,18
2006,det,Team Totals,2,1011,778,233,652,212,110,21,16,0,68,92,68,15
2006,det,Opponents Totals,1,1113,891,222,770,211,111,11,10,0,95,58,66,18
2006,lac,Team Totals,2,1031,803,228,673,201,112,26,18,1,77,73,75,16
2006,lac,Opponents Totals,1,1023,809,214,696,182,95,32,18,0,81,55,67,17
2006,ton,Team Totals,0,1015,802,213,718,196,75,15,9,2,75,61,70,19
2006,ton,Opponents Totals,6,1041,835,206,718,191,102,14,15,1,69,72,67,14
2006,nyb,Team Totals,3,1140,874,266,753,252,97,14,24,0,66,69,68,19
2006,nyb,Opponents Totals,1,1076,797,279,676,250,108,29,13,0,95,82,65,17
2006,sea,Team Totals,2,1080,847,233,718,206,101,26,28,1,79,62,72,18
2006,sea,Opponents Totals,3,1130,902,228,765,208,118,20,19,0,88,77,93,18
2006,dec,Team Totals,0,916,823,93,715,87,94,6,14,0,65,65,71,19
2006,dec,Opponents Totals,1,1051,903,148,782,140,95,7,26,1,71,64,72,13
2006,lne,Team Totals,1,1072,834,238,713,211,94,25,27,2,65,64,63,17
2006,lne,Opponents Totals,1,999,746,253,623,220,100,32,23,1,65,71,66,22
2006,lari,Team Totals,1,1018,862,156,741,141,100,15,21,0,84,65,77,21
2006,lari,Opponents Totals,2,1021,829,192,709,177,93,14,27,1,96,65,64,18
2007,lkc,Team Totals,1,1014,758,256,648,217,103,39,7,0,75,97,63,20
2007,lkc,Opponents Totals,1,1178,844,334,749,307,78,27,17,0,42,65,55,10
2007,har,Team Totals,0,1089,829,260,730,248,86,12,13,0,83,64,71,12
2007,har,Opponents Totals,0,1062,778,284,666,267,94,17,18,0,65,68,63,15
2007,llarm,Team Totals,1,1164,857,307,764,280,82,27,11,0,69,62,51,10
2007,llarm,Opponents Totals,2,1142,843,299,739,267,89,31,15,1,76,97,01,15
2007,larm,Team Totals,0,994,720,274,605,234,96,38,19,2,75,75,54,25
2007,larm,Opponents Totals,0,1160,797,363,694,330,84,33,19,0,57,72,81,15
2007,bal,Team Totals,0,1097,868,229,738,217,108,12,22,0,88,73,47,12
2007,bal,Opponents Totals,2,995,787,208,670,190,100,18,17,0,73,43,42,16
2007,lten,Team Totals,1,1075,760,315,646,279,97,36,17,0,82,72,55,16
2007,lten,Opponents Totals,1,1029,775,254,655,226,94,27,26,1,75,57,58,16
2007,dul,Team Totals,1,1041,793,248,670,233,95,15,28,0,91,71,79,11
2007,dul,Opponents Totals,2,1120,856,264,744,251,93,13,19,0,84,93,67,26
2007,atl,Team Totals,1,1117,862,255,751,234,94,20,17,1,64,58,57,20
2007,atl,Opponents Totals,3,1058,849,209,742,200,80,8,27,1,83,61,56,12
2007,ham,Team Totals,0,923,772,151,667,137,91,11,14,3,66,72,70,15
2007,ham,Opponents Totals,1,1043,827,216,732,203,73,13,22,0,62,73,66,12
2007,jac,Team Totals,2,1012,791,221,684,200,83,21,24,0,89,102,78,16
2007,jac,Opponents Totals,0,1215,893,322,782,289,89,32,22,1,77,63,59,21
2007,lind,Team Totals,2,1082,854,228,741,212,87,16,26,0,77,51,58,18
2007,lind,Opponents Totals,1,1008,830,178,708,170,103,8,19,0,87,49,37,21
2007,was,Team Totals,0,1098,857,241,740,225,101,16,16,0,94,71,69,19
2007,was,Opponents Totals,2,1008,819,189,701,172,83,17,35,0,59,56,76,9
2007,col,Team Totals,1,1001,800,201,692,188,86,13,22,0,71,48,61,21
2007,col,Opponents Totals,2,1006,792,214,694,201,77,11,21,2,93,60,70,20
2007,tol,Team Totals,2,1014,835,179,711,170,100,9,24,0,75,62,87,14
2007,tol,Opponents Totals,2,1017,832,185,714,165,104,20,14,0,89,91,96,18
2007,ltb,Team Totals,2,971,795,176,686,167,82,9,27,0,69,45,64,13
2007,ltb,Opponents Totals,1,1080,858,222,727,215,111,7,20,0,64,62,67,24
2007,lmin,Team Totals,1,997,755,242,632,209,107,33,16,0,84,90,68,20
2007,lmin,Opponents Totals,1,954,744,210,645,191,79,19,20,0,74,40,60,14
2007,c-p,Team Totals,1,1023,807,216,687,195,96,21,24,0,75,103,97,16
2007,c-p,Opponents Totals,1,1074,827,247,709,215,100,32,18,0,88,59,57,19
2007,chit,Team Totals,2,1076,812,264,696,240,92,24,24,0,84,65,53,18
2007,chit,Opponents Totals,0,1168,868,300,747,263,101,37,20,0,65,73,81,25
2007,nyj,Team Totals,0,988,762,226,651,198,92,28,19,0,63,58,81,10
2007,nyj,Opponents Totals,0,1015,832,183,708,166,108,17,16,0,70,79,70,17
2007,dal,Team Totals,0,992,782,210,671,197,93,13,18,0,73,82,69,13
2007,dal,Opponents Totals,3,984,819,165,690,153,109,12,20,0,76,58,63,13
2007,latl,Team Totals,0,1045,848,197,729,178,95,19,24,0,74,74,98,22
2007,latl,Opponents Totals,1,999,769,230,671,211,80,19,18,0,53,80,85,19
2007,lbuf,Team Totals,4,1131,857,274,734,262,98,12,25,0,60,93,75,25
2007,lbuf,Opponents Totals,3,934,732,202,619,193,87,9,26,0,76,91,70,23
2007,stl,Team Totals,8,1075,893,182,764,168,110,14,19,0,64,73,85,25
2007,stl,Opponents Totals,2,1036,844,192,712,186,104,6,28,0,74,82,91,24
2007,det,Team Totals,1,1038,829,209,710,200,104,9,15,0,68,71,48,27
2007,det,Opponents Totals,1,1034,814,220,695,206,92,13,27,1,43,83,53,12
2007,ton,Team Totals,1,996,812,184,700,177,87,7,25,0,74,66,60,17
2007,ton,Opponents Totals,1,1083,885,198,777,194,93,4,15,0,80,41,61,21
2007,nyb,Team Totals,0,994,869,125,769,115,86,9,14,1,72,43,60,16
2007,nyb,Opponents Totals,1,963,844,119,720,107,105,12,19,0,66,82,88,14
2007,sea,Team Totals,0,1021,832,189,701,171,111,18,20,0,77,90,76,25
2007,sea,Opponents Totals,1,999,861,138,733,121,100,17,28,0,72,73,75,14
2007,dec,Team Totals,0,1007,842,165,720,154,94,11,28,0,67,65,68,14
2007,dec,Opponents Totals,3,1015,841,174,706,151,118,23,17,0,104,85,46,17
2007,lari,Team Totals,1,974,832,142,701,133,104,9,27,0,72,76,72,17
2007,lari,Opponents Totals,0,1008,847,161,719,139,106,22,22,0,88,90,80,17
2008,lkc,Team Totals,1,964,777,187,672,161,97,26,8,0,82,70,72,17
2008,lkc,Opponents Totals,1,1001,820,181,721,168,82,12,17,1,52,55,74,13
2008,har,Team Totals,1,1065,775,290,673,263,85,27,17,0,58,70,66,13
2008,har,Opponents Totals,0,1268,898,370,785,331,94,39,19,0,64,96,77,12
2008,llarm,Team Totals,1,1166,853,313,732,275,101,37,20,1,78,66,70,29
2008,llarm,Opponents Totals,1,1129,822,307,717,270,85,35,20,2,90,57,66,12
2008,min,Team Totals,1,1015,787,228,692,215,79,11,16,2,78,55,77,15
2008,min,Opponents Totals,1,1070,811,259,703,241,96,18,12,0,65,73,71,23
2008,larm,Team Totals,1,1101,762,339,643,308,99,30,20,1,90,84,80,12
2008,larm,Opponents Totals,0,1167,779,388,681,349,78,37,20,2,78,89,94,20
2008,bal,Team Totals,1,931,739,192,624,176,102,15,13,1,104,91,82,13
2008,bal,Opponents Totals,1,1204,892,312,780,304,88,7,24,1,68,57,81,19
2008,lten,Team Totals,0,1119,744,375,647,333,76,42,21,0,83,64,56,13
2008,lten,Opponents Totals,1,1067,752,315,644,282,90,32,18,1,83,81,93,19
2008,dul,Team Totals,2,1096,856,240,761,223,77,15,18,2,67,57,56,11
2008,dul,Opponents Totals,0,911,727,184,615,174,88,10,24,0,87,77,53,10
2008,atl,Team Totals,2,1061,834,227,733,206,87,21,14,0,89,110,94,23
2008,atl,Opponents Totals,0,1048,785,263,685,238,82,25,18,0,64,37,77,12
2008,ham,Team Totals,0,1166,889,277,779,245,99,32,11,0,50,53,75,22
2008,ham,Opponents Totals,1,1012,796,216,695,194,82,21,19,1,67,57,63,10
2008,jac,Team Totals,0,1030,789,241,676,209,89,31,24,1,60,57,64,15
2008,jac,Opponents Totals,1,1165,871,294,752,254,99,40,20,0,72,78,73,21
2008,lind,Team Totals,1,880,772,108,671,103,84,5,17,0,56,63,73,11
2008,lind,Opponents Totals,1,1004,820,184,706,178,102,6,12,0,71,117,68,18
2008,was,Team Totals,0,1134,888,246,767,222,108,24,13,0,77,56,54,14
2008,was,Opponents Totals,1,965,786,179,682,166,88,13,16,0,48,41,51,14
2008,col,Team Totals,0,1045,817,228,709,216,86,12,22,0,52,54,64,9
2008,col,Opponents Totals,0,971,797,174,696,156,90,18,11,0,107,25,50,15
2008,tol,Team Totals,1,1074,839,235,737,232,85,3,17,0,71,52,66,15
2008,tol,Opponents Totals,1,985,791,194,661,190,113,4,17,0,64,63,67,18
2008,ltb,Team Totals,0,1093,873,220,767,200,89,20,17,0,58,31,51,20
2008,ltb,Opponents Totals,0,968,767,201,646,179,102,22,19,0,93,55,81,13
2008,lmin,Team Totals,3,1018,778,240,657,220,110,19,11,1,76,75,100,15
2008,lmin,Opponents Totals,2,1159,854,305,743,278,94,27,17,0,6,68,73,12
2008,c-p,Team Totals,1,981,777,204,654,182,106,22,17,0,97,85,99,21
2008,c-p,Opponents Totals,4,968,803,165,685,148,98,17,20,0,86,58,63,10
2008,chit,Team Totals,1,1007,742,265,624,239,94,26,24,0,60,112,92,17
2008,chit,Opponents Totals,1,954,748,206,633,185,100,21,15,0,73,93,67,19
2008,nyj,Team Totals,0,1005,729,276,631,250,84,26,14,0,96,65,60,11
2008,nyj,Opponents Totals,2,1142,831,311,723,286,92,23,16,2,98,83,70,17
2008,dal,Team Totals,3,999,798,201,664,181,112,20,22,0,67,98,99,22
2008,dal,Opponents Totals,3,1098,825,273,715,251,91,21,19,1,60,89,96,21
2008,latl,Team Totals,4,1059,887,172,765,159,104,12,18,1,103,78,98,8
2008,latl,Opponents Totals,2,1002,823,179,689,161,110,18,24,0,89,58,64,13
2008,lbuf,Team Totals,1,1025,804,221,683,206,104,15,17,0,88,74,53,14
2008,lbuf,Opponents Totals,2,1051,849,202,728,183,102,18,19,1,59,72,80,13
2008,stl,Team Totals,1,1114,814,300,693,274,101,25,20,1,46,55,74,22
2008,stl,Opponents Totals,2,975,824,151,615,131,196,20,13,0,85,91,94,20
2008,det,Team Totals,1,994,833,161,726,145,91,16,16,0,82,61,69,17
2008,det,Opponents Totals,3,998,791,207,670,191,99,16,22,0,67,42,74,9
2008,lac,Team Totals,2,980,806,174,705,160,90,14,11,0,76,70,81,10
2008,lac,Opponents Totals,2,1065,853,212,742,194,99,18,12,0,43,47,60,12
2008,ton,Team Totals,2,991,788,203,661,181,110,22,17,0,77,82,60,12
2008,ton,Opponents Totals,1,1116,881,235,757,224,105,11,19,0,74,99,74,16
2008,nyb,Team Totals,0,1029,828,201,703,188,106,13,19,0,90,64,70,10
2008,nyb,Opponents Totals,1,1009,825,184,724,172,85,12,16,0,107,55,53,11
2008,sea,Team Totals,2,1009,827,182,702,159,99,22,26,1,75,78,69,20
2008,sea,Opponents Totals,1,1016,831,185,704,149,104,33,23,3,84,106,59,21
2008,dec,Team Totals,3,1054,797,257,675,226,97,29,25,2,76,62,67,12
2008,dec,Opponents Totals,1,966,761,205,653,179,94,24,14,2,54,72,91,27
2008,lne,Team Totals,2,1077,881,196,769,185,90,11,22,0,65,82,74,22
2008,lne,Opponents Totals,1,917,775,142,656,118,106,24,13,0,86,75,84,18
2008,lari,Team Totals,0,995,849,146,717,124,110,19,22,3,56,69,79,18
2008,lari,Opponents Totals,0,995,833,162,706,142,106,20,21,0,82,77,103,15
2009,lkc,Team Totals,0,1070,770,300,667,268,90,32,13,0,69,77,60,18
2009,lkc,Opponents Totals,1,1278,903,375,793,333,91,41,19,1,58,70,54,13
2009,har,Team Totals,2,1055,781,274,665,234,93,40,23,0,86,72,79,15
2009,har,Opponents Totals,1,1225,899,326,788,290,92,36,19,0,58,51,72,15
2009,llarm,Team Totals,0,991,809,182,680,160,111,22,18,0,81,81,67,14
2009,llarm,Opponents Totals,1,1091,903,188,792,171,99,17,12,0,58,65,69,18
2009,min,Team Totals,1,1268,906,362,782,326,105,36,19,0,83,71,85,13
2009,min,Opponents Totals,0,1137,780,357,658,329,99,28,23,0,73,108,75,16
2009,larm,Team Totals,1,1014,710,304,597,278,91,26,22,0,96,75,60,11
2009,larm,Opponents Totals,3,1113,763,350,653,314,89,36,21,0,80,56,69,18
2009,bal,Team Totals,1,1061,844,217,712,205,114,11,18,1,81,66,83,15
2009,bal,Opponents Totals,2,1079,862,217,740,207,96,10,26,0,70,71,83,14
2009,lten,Team Totals,1,998,751,247,646,207,90,37,15,3,68,77,79,14
2009,lten,Opponents Totals,0,1128,800,328,688,307,95,20,17,1,76,88,77,16
2009,dul,Team Totals,3,1120,861,259,754,239,83,20,24,0,74,97,61,11
2009,dul,Opponents Totals,1,997,791,206,680,182,98,24,13,0,69,58,69,13
2009,atl,Team Totals,0,1198,926,272,814,246,94,25,18,1,70,78,56,14
2009,atl,Opponents Totals,1,983,787,196,686,164,83,31,18,1,73,43,55,8
2009,ham,Team Totals,0,1033,790,243,684,206,86,37,20,0,74,85,83,13
2009,ham,Opponents Totals,3,1149,861,288,738,259,104,29,19,0,69,92,58,13
2009,jac,Team Totals,1,1135,862,273,738,252,100,20,24,1,66,87,71,14
2009,jac,Opponents Totals,1,1076,817,259,703,225,94,32,20,2,64,44,72,14
2009,lind,Team Totals,0,1002,818,184,716,171,83,12,19,1,59,47,53,15
2009,lind,Opponents Totals,2,1003,820,183,707,168,92,15,21,0,66,130,72,20
2009,was,Team Totals,1,1076,831,245,708,214,107,30,16,1,67,51,69,18
2009,was,Opponents Totals,1,993,804,189,701,168,85,20,18,1,62,55,67,12
2009,col,Team Totals,1,1003,796,207,701,192,81,15,14,0,83,76,81,20
2009,col,Opponents Totals,0,1046,855,191,732,173,98,17,25,1,90,64,75,13
2009,tol,Team Totals,0,1068,873,195,750,178,97,17,26,0,70,70,94,13
2009,tol,Opponents Totals,0,957,768,189,654,162,100,27,14,0,95,93,72,21
2009,ltb,Team Totals,1,1049,884,165,765,156,99,9,20,0,84,45,46,11
2009,ltb,Opponents Totals,2,992,832,160,707,146,108,14,17,0,76,86,104,16
2009,lmin,Team Totals,2,950,736,214,648,191,76,22,12,1,89,98,66,17
2009,lmin,Opponents Totals,0,989,779,210,693,189,71,21,15,0,75,79,75,8
2009,c-p,Team Totals,1,1023,838,185,707,158,116,27,15,0,97,94,90,15
2009,c-p,Opponents Totals,3,880,777,103,661,86,87,17,29,0,71,69,68,16
2009,chit,Team Totals,4,1071,813,258,685,228,102,29,26,1,81,86,87,20
2009,chit,Opponents Totals,0,1135,869,266,749,228,106,37,14,1,91,67,75,23
2009,nyj,Team Totals,0,1055,806,249,711,218,81,31,14,0,76,80,82,17
2009,nyj,Opponents Totals,2,1036,793,243,686,227,91,15,16,1,79,97,80,14
2009,dal,Team Totals,1,964,804,160,676,139,117,21,11,0,63,101,96,23
2009,dal,Opponents Totals,2,1113,852,261,740,237,101,24,14,0,50,83,87,11
2009,latl,Team Totals,1,974,761,213,629,182,117,31,15,0,98,88,92,12
2009,latl,Opponents Totals,1,1068,857,211,741,193,87,16,29,2,40,96,80,12
2009,lbuf,Team Totals,2,1087,862,225,737,206,97,19,28,0,53,83,70,23
2009,lbuf,Opponents Totals,2,1001,811,190,672,172,115,15,24,3,77,78,70,17
2009,stl,Team Totals,2,1091,791,300,675,278,90,18,26,4,71,57,62,18
2009,stl,Opponents Totals,0,1012,795,217,666,186,113,31,16,0,90,93,90,19
2009,det,Team Totals,0,1060,850,210,736,206,99,4,15,0,86,91,69,15
2009,det,Opponents Totals,2,1073,884,189,772,180,89,9,23,0,77,53,54,22
2009,lac,Team Totals,3,1004,802,202,711,189,73,13,18,0,64,83,68,20
2009,lac,Opponents Totals,3,1006,814,192,717,171,82,21,15,0,87,69,52,17
2009,ton,Team Totals,1,1024,818,206,709,179,87,27,22,0,69,70,66,22
2009,ton,Opponents Totals,4,1080,835,245,724,231,83,13,28,1,81,76,85,16
2009,nyb,Team Totals,6,1071,873,198,765,187,81,11,27,0,69,80,67,10
2009,nyb,Opponents Totals,1,978,781,197,661,176,97,21,23,0,101,88,69,14
2009,sea,Team Totals,3,1015,848,167,723,146,100,21,25,0,90,81,89,12
2009,sea,Opponents Totals,1,999,819,180,701,158,95,22,23,0,85,88,62,25
2009,dec,Team Totals,2,1066,840,226,707,196,117,30,16,0,69,93,85,23
2009,dec,Opponents Totals,1,951,722,229,610,204,88,23,24,2,80,87,80,15
2009,lne,Team Totals,1,1048,835,213,728,191,83,19,24,3,66,88,68,13
2009,lne,Opponents Totals,0,1047,849,198,737,167,99,31,13,0,96,90,98,19
2009,lari,Team Totals,0,973,847,126,746,115,81,11,20,0,53,72,71,14
2009,lari,Opponents Totals,1,999,851,148,722,138,114,10,15,0,84,102,88,14
2010,lkc,Team Totals,2,1137,843,294,745,273,94,21,4,0,80,66,60,11
2010,lkc,Opponents Totals,0,1059,801,258,703,233,74,25,24,0,43,52,52,5
2010,har,Team Totals,1,939,735,204,625,181,92,23,18,0,87,76,70,17
2010,har,Opponents Totals,1,1161,884,277,760,237,104,40,20,0,81,51,59,16
2010,llarm,Team Totals,1,957,791,166,677,156,90,10,24,0,82,69,86,14
2010,llarm,Opponents Totals,4,1009,802,207,710,193,80,12,12,2,82,72,70,13
2010,min,Team Totals,0,1305,881,424,771,388,84,34,26,2,80,54,63,15
2010,min,Opponents Totals,1,1044,746,298,642,275,92,23,12,0,95,94,71,24
2010,larm,Team Totals,1,1056,769,287,653,252,101,35,15,0,91,82,70,24
2010,larm,Opponents Totals,0,1128,799,329,692,300,82,29,25,0,58,82,83,14
2010,bal,Team Totals,0,1021,780,241,692,235,71,6,17,0,83,63,60,15
2010,bal,Opponents Totals,0,1140,846,294,730,278,98,14,18,0,61,80,81,15
2010,lten,Team Totals,3,1130,852,278,743,257,88,21,21,0,81,77,48,9
2010,lten,Opponents Totals,0,1016,773,243,661,227,91,16,21,0,59,62,59,24
2010,dul,Team Totals,0,1024,701,323,599,294,80,29,22,0,69,81,54,12
2010,dul,Opponents Totals,2,1119,769,350,654,307,93,43,22,0,89,74,61,13
2010,atl,Team Totals,1,1134,843,291,733,262,93,27,17,2,55,68,63,12
2010,atl,Opponents Totals,1,1132,856,276,750,254,93,22,13,0,79,49,55,11
2010,ham,Team Totals,1,959,758,201,659,184,75,17,24,0,50,71,66,8
2010,ham,Opponents Totals,1,1077,868,209,748,188,109,19,11,2,73,114,67,17
2010,jac,Team Totals,1,1101,796,305,686,271,93,34,17,0,59,95,70,11
2010,jac,Opponents Totals,0,1111,836,275,729,236,94,39,13,0,71,73,73,13
2010,lind,Team Totals,2,1248,957,291,853,262,86,27,18,2,77,99,90,17
2010,lind,Opponents Totals,0,930,738,192,628,179,89,13,21,0,66,44,72,15
2010,was,Team Totals,0,1018,763,255,651,239,103,16,9,0,98,82,62,18
2010,was,Opponents Totals,2,1113,869,244,751,211,103,31,15,2,68,78,73,10
2010,col,Team Totals,0,967,791,176,662,155,109,20,20,1,68,62,83,11
2010,col,Opponents Totals,5,1117,855,262,748,235,90,27,17,0,55,73,69,17
2010,tol,Team Totals,2,980,771,209,647,191,100,18,24,0,66,95,85,15
2010,tol,Opponents Totals,0,1068,862,206,724,194,123,11,15,1,78,75,71,26
2010,ltb,Team Totals,0,1041,863,178,745,159,99,19,19,0,77,62,60,13
2010,ltb,Opponents Totals,0,926,786,140,683,131,89,9,14,0,93,69,83,18
2010,lmin,Team Totals,0,905,781,124,666,111,98,13,17,0,94,69,94,11
2010,lmin,Opponents Totals,1,1000,827,173,713,144,86,29,28,0,78,102,78,24
2010,c-p,Team Totals,2,1067,815,252,672,217,107,35,36,0,87,102,80,34
2010,c-p,Opponents Totals,1,1178,845,333,717,294,99,39,29,0,92,50,63,16
2010,chit,Team Totals,1,982,785,197,684,171,81,26,20,0,63,68,63,14
2010,chit,Opponents Totals,2,1062,845,217,729,203,92,14,24,0,71,77,64,15
2010,nyj,Team Totals,2,1192,809,383,690,355,96,28,23,0,91,73,55,19
2010,nyj,Opponents Totals,2,1048,752,296,631,264,102,32,19,0,86,104,93,20
2010,dal,Team Totals,2,992,801,191,689,172,88,19,24,0,81,72,81,23
2010,dal,Opponents Totals,1,930,760,170,648,157,80,13,32,0,83,89,97,17
2010,latl,Team Totals,0,1005,782,223,663,203,102,20,17,0,89,88,76,15
2010,latl,Opponents Totals,2,1055,806,249,692,233,90,16,24,0,53,72,67,15
2010,lbuf,Team Totals,0,1077,805,272,675,246,114,26,16,0,66,88,82,21
2010,lbuf,Opponents Totals,0,1058,803,255,692,246,89,9,22,0,99,62,79,15
2010,stl,Team Totals,0,1016,769,247,653,235,85,12,31,0,64,76,78,12
2010,stl,Opponents Totals,1,1044,765,279,650,262,99,17,16,0,90,90,80,8
2010,det,Team Totals,0,970,774,196,676,179,86,17,12,0,71,56,72,14
2010,det,Opponents Totals,2,1078,832,246,751,229,59,15,22,2,61,67,60,10
2010,lac,Team Totals,1,1018,797,221,687,211,90,10,20,0,69,72,76,25
2010,lac,Opponents Totals,0,1071,853,218,759,205,76,13,18,0,96,65,63,17
2010,ton,Team Totals,0,1003,805,198,695,180,99,18,11,0,73,59,69,12
2010,ton,Opponents Totals,2,1010,795,215,688,211,85,4,22,0,70,73,63,15
2010,nyb,Team Totals,1,1092,856,236,738,219,94,17,24,0,71,76,86,14
2010,nyb,Opponents Totals,0,1038,780,258,652,223,102,35,26,0,78,93,93,17
2010,sea,Team Totals,4,1082,831,251,727,233,81,17,23,1,86,79,67,16
2010,sea,Opponents Totals,0,977,778,199,662,179,102,20,14,0,74,64,81,12
2010,dec,Team Totals,2,974,836,138,712,127,109,11,15,0,81,88,87,23
2010,dec,Opponents Totals,2,1059,889,170,752,159,116,11,21,0,81,79,83,12
2010,lne,Team Totals,1,1061,869,192,739,170,112,21,18,1,70,74,72,13
2010,lne,Opponents Totals,1,898,748,150,647,143,84,7,17,0,72,94,75,14
2010,lari,Team Totals,3,1093,897,196,786,174,86,21,25,1,81,69,87,13
2010,lari,Opponents Totals,0,893,738,155,597,133,121,21,20,1,103,88,77,23
2011,lkc,Team Totals,0,1103,720,383,637,351,70,30,13,2,63,99,65,10
2011,lkc,Opponents Totals,0,1134,719,415,630,368,66,47,23,0,53,70,54,8
2011,har,Team Totals,1,942,717,225,615,198,85,27,17,0,76,74,71,19
2011,har,Opponents Totals,0,1003,759,244,641,223,94,17,24,4,80,72,62,15
2011,llarm,Team Totals,2,968,787,181,683,163,82,16,22,2,65,99,79,9
2011,llarm,Opponents Totals,1,982,761,221,666,202,80,19,15,0,70,97,87,17
2011,min,Team Totals,3,1090,780,310,669,288,89,22,22,0,70,56,58,15
2011,min,Opponents Totals,2,1008,715,293,637,276,59,17,19,0,85,70,63,9
2011,larm,Team Totals,0,990,736,254,656,246,63,8,17,0,112,90,73,21
2011,larm,Opponents Totals,0,1034,779,255,688,243,73,10,18,2,73,74,60,20
2011,bal,Team Totals,1,976,697,279,610,247,62,32,25,0,73,74,65,10
2011,bal,Opponents Totals,2,1066,735,331,659,321,66,8,10,2,81,79,77,14
2011,lten,Team Totals,1,1013,680,333,590,314,73,17,17,2,75,107,81,18
2011,lten,Opponents Totals,1,1038,702,336,603,308,83,26,16,2,101,62,58,13
2011,dul,Team Totals,0,1024,744,280,670,262,64,16,10,2,71,62,66,15
2011,dul,Opponents Totals,2,988,718,270,622,259,80,11,16,0,96,87,64,14
2011,atl,Team Totals,2,902,701,201,608,192,78,7,15,2,98,112,73,13
2011,atl,Opponents Totals,1,1092,850,242,752,220,74,22,24,0,61,66,75,17
2011,ham,Team Totals,2,1023,780,243,710,219,55,22,15,2,76,64,70,15
2011,ham,Opponents Totals,0,958,668,290,589,253,61,37,18,0,91,58,65,13
2011,jac,Team Totals,1,1004,695,309,614,285,65,20,16,4,64,70,62,19
2011,jac,Opponents Totals,0,986,694,292,602,268,70,24,22,0,73,78,90,12
2011,lind,Team Totals,1,1215,707,508,634,475,51,31,22,2,48,60,63,14
2011,lind,Opponents Totals,2,952,580,372,522,336,47,34,11,2,82,79,56,21
2011,was,Team Totals,0,1015,797,218,714,205,64,13,19,0,60,82,88,11
2011,was,Opponents Totals,1,979,778,201,686,191,81,10,11,0,58,69,74,22
2011,col,Team Totals,0,1017,777,240,680,216,76,24,21,0,67,54,69,7
2011,col,Opponents Totals,1,1030,812,218,724,213,71,5,17,0,74,58,51,15
2011,tol,Team Totals,4,965,765,200,658,191,85,9,22,0,90,88,70,7
2011,tol,Opponents Totals,2,1016,770,246,686,219,67,27,17,0,65,76,63,9
2011,ltb,Team Totals,0,966,719,247,644,232,56,15,19,0,86,65,59,13
2011,ltb,Opponents Totals,2,1009,780,229,684,208,75,21,21,0,62,79,76,12
2011,lmin,Team Totals,1,1092,824,268,723,237,85,31,16,0,86,89,88,13
2011,lmin,Opponents Totals,2,1084,760,324,659,303,76,21,25,0,86,75,68,13
2011,c-p,Team Totals,2,936,755,181,647,167,79,14,29,0,67,101,98,10
2011,c-p,Opponents Totals,1,921,778,143,693,128,66,15,19,0,82,86,84,15
2011,chit,Team Totals,2,942,721,221,631,206,74,15,16,0,59,92,91,13
2011,chit,Opponents Totals,2,1011,780,231,691,214,70,15,19,2,63,83,83,16
2011,nyj,Team Totals,1,1086,700,386,608,355,59,31,33,0,78,81,61,17
2011,nyj,Opponents Totals,6,1052,755,297,655,271,86,24,14,2,107,116,72,16
2011,dal,Team Totals,0,1006,759,247,675,229,75,18,9,0,102,70,56,13
2011,dal,Opponents Totals,1,989,734,255,649,231,56,24,29,0,52,71,71,10
2011,latl,Team Totals,1,1001,770,231,681,215,74,16,15,0,75,75,65,17
2011,latl,Opponents Totals,1,982,749,233,655,226,70,7,24,0,88,81,65,12
2011,lbuf,Team Totals,3,952,764,188,673,178,68,10,23,0,66,64,86,14
2011,lbuf,Opponents Totals,0,917,770,147,671,141,82,6,17,0,77,85,106,17
2011,stl,Team Totals,1,1075,764,311,664,294,85,17,15,0,53,86,84,19
2011,stl,Opponents Totals,1,972,712,260,616,245,78,15,18,0,74,890,90,13
2011,det,Team Totals,2,899,654,245,585,239,54,6,15,0,90,82,59,17
2011,det,Opponents Totals,1,1091,785,306,710,297,66,9,9,0,76,53,59,5
2011,lac,Team Totals,0,957,666,291,575,260,76,31,15,0,86,82,73,13
2011,lac,Opponents Totals,1,1025,694,331,622,316,52,13,20,2,71,85,74,10
2011,ton,Team Totals,0,978,719,259,639,247,59,13,21,0,74,50,66,12
2011,ton,Opponents Totals,3,954,723,231,642,213,63,18,18,0,71,69,63,11
2011,nyb,Team Totals,1,951,780,171,690,162,62,8,28,1,61,52,84,13
2011,nyb,Opponents Totals,0,929,723,206,640,191,67,13,16,2,88,62,76,20
2011,sea,Team Totals,0,902,730,172,641,160,82,12,7,0,106,95,72,19
2011,sea,Opponents Totals,4,988,803,185,694,167,76,17,33,1,49,81,96,10
2011,dec,Team Totals,5,1057,843,214,721,189,93,23,29,2,88,83,92,12
2011,dec,Opponents Totals,0 ,947,733,214,635,188,82,26,16,00,95,85,84,18
2011,lne,Team Totals,6,1052,754,298,664,257,70,41,20,0,89,75,77,13
2011,lne,Opponents Totals,2,1033,726,307,618,285,82,22,26,0,71,113,87,12
2011,lari,Team Totals,1,1004,809,195,712,189,80,6,17,0,66,78,86,16
2011,lari,Opponents Totals,2,934,769,165,680,144,74,21,15,0,83,112,97,18
